name,age,city,state,phone,email
Caleb Peterson,26,Kelmujger,MS,(745) 616-8919,toul@fibesafa.ng
Mittie Barrett,47,Famofer,NJ,(213) 863-1840,libah@fe.cr
Bruce Hoffman,53,Micomta,CA,(838) 905-9406,ipiukijo@rakawwe.lk
Hester Fletcher,36,Citole,IL,(306) 241-5163,icazo@go.fk
Charlie Mendez,20,Anlegi,WA,(786) 255-6151,dez@gup.ci
Edith Carpenter,27,Cutvodic,WY,(558) 309-7067,uf@ut.sj
Jackson Houston,31,Lodahgoc,ID,(518) 852-5881,luv@ifu.pt
Leah Fletcher,55,Tefdugas,DE,(408) 731-4690,la@niolacaz.km
Mina Dixon,50,Borbobese,NC,(967) 772-9445,otemika@witu.mk
Sam Mack,57,Ducivugo,OR,(822) 265-6751,jovjiro@ki.bi
Ronald Brock,41,Levlaor,VT,(933) 470-1556,afocankom@jimsiz.sa
Vincent Santos,52,Jihousa,AL,(406) 480-9985,kugjib@dutogfac.ac
Alfred Jenkins,48,Evpian,MI,(530) 789-5828,tofese@if.sc
Rodney Barber,59,Zinrofkos,UT,(361) 840-9015,fec@codnis.dk
Bobby Wolfe,37,Niminbo,MI,(348) 300-4062,cegodut@posdob.ba
Polly Robbins,23,Sadidop,ME,(626) 417-3582,ja@ihokolir.uy
Alta Floyd,19,Wihasmu,NJ,(745) 291-5200,lido@amre.pr
Harriett Hayes,43,Fajofbos,WY,(356) 719-7613,gag@kewzeme.lv
Mary Castro,37,Uvnifug,CO,(331) 753-6712,birwur@hesamka.mo
Mae Walsh,53,Selpenaci,AR,(751) 364-3803,nawveldof@logtowoz.bf
Roger Herrera,56,Poasnil,VT,(602) 658-9040,huti@ta.fi
Mildred Silva,43,Nohohe,GA,(709) 489-5910,wevbid@li.be
Jordan Cruz,53,Ohavaba,NM,(240) 533-7973,ce@wo.jm
Myra Ryan,56,Punduraf,AR,(439) 262-9241,et@dolo.zw
Effie Walker,33,Ucadanun,WI,(840) 419-9579,dobmek@jicme.bo
Adelaide McDonald,29,Hozwicuh,OR,(333) 488-3480,tesmeim@avubulav.sh
Phoebe Carson,56,Mibozuj,MN,(836) 603-3839,solbeb@oz.bz
Dustin Richardson,30,Ogeduveh,ND,(907) 407-1959,vimbalco@tipoloh.hk
Craig Douglas,31,Obirahebi,PA,(970) 819-4187,ge@kuwu.jo
Ernest Griffin,33,Nifuza,AR,(571) 204-1972,vonhozjuj@ju.gt
Lucinda Dunn,24,Nebjusufo,MO,(244) 809-2524,wo@ih.sv
Virgie Myers,21,Peokna,IL,(818) 267-4717,kiuj@wioteun.eh
Helena Martinez,24,Putvupo,DC,(671) 374-9244,lepkirvi@viaf.cr
Ronald Moreno,57,Jifilted,PA,(483) 885-8378,uw@pugficuh.mn
Bertie Osborne,49,Udronjam,MO,(513) 594-7002,du@ri.nc
Norman Farmer,19,Dafwojnid,WI,(461) 655-6553,ep@du.ph
Glenn Brady,58,Bijnabfi,NJ,(248) 734-1964,ba@hoos.gf
Anthony Morton,19,Fiphaju,SC,(839) 771-3801,pe@decni.tf
Carolyn Webb,38,Cokuis,MS,(488) 555-8313,ni@raltid.bn
Isabelle Steele,60,Cacomge,MS,(875) 931-1772,ibod@behogano.jm
Dean Hoffman,45,Nokdaso,NV,(788) 870-7655,rum@getgupaf.lr
Minnie Russell,23,Polabige,KS,(304) 619-6009,ano@tehpidpes.ao
Sylvia Perez,46,Epovde,TN,(683) 305-9721,udaceh@zujcehu.gl
Alice Watts,39,Cifhinizu,PA,(637) 707-7525,diro@hov.tz
Evan Barton,39,Ahumobo,NV,(235) 830-6658,alojotzu@dedfol.uk
Beulah Figueroa,27,Javdoput,CT,(354) 788-6235,cedaba@unpomuk.uy
Gavin Waters,29,Kirkasne,KY,(305) 958-8214,kiijno@orbe.md
Jean Massey,38,Fefebab,OK,(911) 893-2595,carporzo@tes.ec
Ian Cross,49,Hujemu,OK,(520) 301-6507,ca@ciscutagu.tk
Adrian Frazier,52,Pamnejcaz,IN,(420) 249-7148,telo@figatju.gn
Esther Casey,27,Gepbozer,DC,(888) 759-3859,ohwer@diwpizo.cm
Blake Fuller,52,Tedadgat,MT,(338) 866-9995,iduh@lugkuhid.cn
Lillie Horton,42,Hojvunah,MD,(668) 924-5474,zopag@huz.mv
Travis Wong,38,Jifagaw,NH,(309) 236-4669,saw@so.aw
James Sullivan,37,Jovojekog,OH,(920) 223-7615,da@woz.pl
Garrett McGuire,57,Guderov,MT,(752) 476-4782,ive@ga.py
Myra Singleton,18,Ifihudi,MD,(279) 225-3893,tisooku@pegebse.bb
Roxie Carpenter,29,Dotevwo,WV,(679) 331-4347,ani@wukikpiw.su
Margaret Montgomery,31,Uwworud,VT,(448) 877-8059,hahfolos@va.sl
Ricky Munoz,19,Zualbuv,AZ,(703) 846-7732,empoic@ilicunbem.ai
Leon Harrington,48,Hocejmaz,UT,(603) 378-4555,kuf@itafodoz.ac
Maggie Young,62,Jejmagu,AR,(330) 616-8321,dopef@now.an
Rodney Perez,49,Pakperok,CA,(716) 837-4687,delnofnu@tuklodfo.ms
Dennis Porter,39,Vifzalruj,NJ,(846) 317-6446,sa@gekce.do
Evan Coleman,52,Aredeec,MN,(732) 802-9454,zosiwu@cummav.cd
Ernest Davidson,30,Sivrorun,AK,(366) 945-4110,ta@lukadahi.hm
Nicholas Padilla,32,Agojuof,PA,(632) 408-7299,vehewub@wuilpam.cw
Sadie Valdez,50,Weltuotu,KS,(651) 530-9223,kirfijor@muatusoc.co.uk
Gordon Aguilar,55,Bijekouho,NH,(500) 330-2650,nusovjer@rud.py
Nell Roberts,54,Gefpumos,NV,(925) 385-9514,jos@kijwa.ro
Virginia Turner,48,Caopoow,CO,(225) 663-8219,ilzucep@em.pf
Carl Maxwell,47,Hapafa,CA,(613) 269-6355,irecimo@cihanmi.pk
Luella Hampton,57,Zenhugine,SD,(515) 348-8635,tak@eggi.ao
Edith Reeves,49,Josotes,NY,(528) 262-1021,mawiguzo@ipa.ng
Chase Hampton,34,Uldimov,VA,(842) 240-3251,zul@fecze.tl
Donald Garza,33,Pawjevwi,HI,(810) 745-7235,picaif@efa.ls
Alta Lyons,52,Ovatuin,AR,(641) 558-2068,ba@uwe.tv
Olga Washington,57,Etisufip,KY,(228) 835-9312,vepogi@dejaj.cf
Arthur Alvarez,20,Vulesuol,NV,(906) 375-8289,wuzaj@lofe.tm
Henrietta Roy,63,Zahona,KS,(448) 483-8033,cepzezce@kemuh.cl
Adele Reed,26,Turkedto,RI,(418) 806-7550,buuni@ga.it
Frank McDonald,51,Cutmiswi,MN,(210) 403-9333,opozitu@aw.kr
Miguel Yates,20,Avidozi,NH,(231) 206-8204,ki@wahev.dk
Blanche Phelps,56,Regwudes,AL,(665) 918-9324,keitfo@vukleje.zw
Lucy Nguyen,20,Wimcalzij,TN,(645) 258-8556,citsejof@lij.ck
Edna Schneider,27,Pualaza,OR,(312) 525-8605,osuwu@pov.gf
Harold Lawrence,18,Cimahnih,MO,(576) 780-6786,ceh@da.io
Effie Wallace,32,Keenuof,GA,(866) 609-3582,faive@aj.mg
Sue Powers,28,Valsewsep,AL,(881) 429-4562,isovuoba@nuvo.rw
Andrew Andrews,65,Kucemi,ND,(448) 652-4516,az@tujulova.ws
William George,19,Wihuduf,MO,(535) 588-7709,imejucugo@necgomu.be
Virginia Wagner,62,Robapa,AR,(864) 686-2427,goniw@jawipow.jm
Isabel Woods,62,Otiumamoz,NY,(209) 442-7468,ruwet@robuw.mm
Wesley Klein,47,Fekmawvog,OK,(647) 517-9708,moawze@ru.uk
Sylvia Roberts,24,Wutueh,AL,(858) 458-6084,wu@hewvoluko.ug
Matilda Boyd,29,Pavodij,TN,(537) 763-1571,mibasjan@izzagzi.ly
Daisy Jones,48,Fiptouze,MS,(921) 232-2504,mofwufod@votozeage.wf
Ella Sparks,28,Zumibeces,IA,(347) 680-8375,ebe@opuja.lb
Sara Armstrong,40,Sumirev,VA,(572) 502-8121,ijnebbo@pej.ky
Harry Joseph,52,Pimfehu,KS,(811) 281-5210,si@awben.bs
